Name,MP,FG,FGA,FG.,X3P,X3PA,X3P.,X2P,X2PA,X2P.,FT,FTA,FT.,ORB,DRB,TRB,AST,STL,BLK,TOV,PF,PTS
#2 Shaylee Gonzales,62,20,30,0.6666666666666666,2,5,0.4,18,25,0.72,9,9,1,4,5,9,19,11,0,3,2,51
#3 Nani Falatea,21,2,4,0.5,1,2,0.5,1,2,0.5,0,0,0,0,2,2,2,2,0,2,5,5
#4 Arielle MackeyWilliams,13,2,4,0.5,2,3,0.6666666666666666,0,1,0,2,2,1,0,1,1,0,0,0,4,3,8
#5 Maria Albiero,45,2,8,0.25,0,5,0,2,3,0.6666666666666666,0,0,0,1,2,3,6,3,0,2,3,4
#10 Tegan Graham,54,10,16,0.625,7,12,0.5833333333333334,3,4,0.75,2,2,1,0,2,2,9,2,0,1,3,29
#11 Kaylee Smiler,23,1,3,0.3333333333333333,0,2,0,1,1,1,0,0,0,0,3,3,3,1,1,0,0,2
#12 Lauren Gustin,55,15,23,0.6521739130434783,0,0,0,15,23,0.6521739130434783,1,4,0.25,8,13,21,1,1,0,3,4,31
#13 Paisley Harding,64,17,31,0.5483870967741935,2,7,0.2857142857142857,15,24,0.625,4,4,1,0,8,8,4,5,0,3,2,40
#20 Devry Millett,3,1,2,0.5,0,0,0,1,2,0.5,0,0,0,1,0,1,0,0,0,0,0,2
#21 Heather Hamson,0,0,0,0,0,0,0,0,0,0,0,0,0,0,0,0,0,0,0,0,0,0
#22 Sara Hamson,29,3,6,0.5,0,0,0,3,6,0.5,1,2,0.5,0,3,3,1,0,7,3,4,7
#24 Rose Bubakar,12,1,3,0.3333333333333333,0,1,0,1,2,0.5,1,2,0.5,1,2,3,1,1,0,0,2,3
#25 Emma Calvert,14,2,4,0.5,0,0,0,2,4,0.5,1,2,0.5,1,3,4,2,0,2,0,3,5
#30 Kate Vorwaller,5,0,1,0,0,0,0,0,1,0,1,2,0.5,0,1,1,3,0,0,0,0,1
