Name,MP,FG,FGA,FG.,X3P,X3PA,X3P.,X2P,X2PA,X2P.,FT,FTA,FT.,ORB,DRB,TRB,AST,STL,BLK,TOV,PF,PTS
#2 Shaylee Gonzales,51,12,23,0.5217391304347826,1,5,0.2,11,18,0.6111111111111112,7,10,0.7,6,7,13,7,5,1,6,2,32
#3 Nani Falatea,26,3,5,0.6,2,3,0.6666666666666666,1,2,0.5,0,0,0,0,3,3,0,1,0,2,1,8
#4 Arielle MackeyWilliams,27,0,7,0,0,5,0,0,2,0,0,0,0,1,1,2,5,1,0,1,0,0
#5 Maria Albiero,50,2,10,0.2,0,3,0,2,7,0.2857142857142857,1,1,1,1,7,8,8,5,0,1,2,5
#10 Tegan Graham,51,5,11,0.45454545454545453,4,10,0.4,1,1,1,0,0,0,0,4,4,12,4,1,4,2,14
#11 Kaylee Smiler,0,0,0,0,0,0,0,0,0,0,0,0,0,0,0,0,0,0,0,0,0,0
#12 Lauren Gustin,42,13,18,0.7222222222222222,0,0,0,13,18,0.7222222222222222,3,7,0.42857142857142855,11,8,19,1,2,1,3,1,29
#13 Paisley Harding,50,13,31,0.41935483870967744,1,10,0.1,12,21,0.5714285714285714,5,7,0.7142857142857143,2,4,6,5,3,0,1,3,32
#20 Devry Millett,9,0,2,0,0,2,0,0,0,0,0,0,0,0,0,0,1,1,0,1,0,0
#21 Heather Hamson,0,0,0,0,0,0,0,0,0,0,0,0,0,0,0,0,0,0,0,0,0,0
#22 Sara Hamson,33,7,8,0.875,0,0,0,7,8,0.875,0,0,0,3,9,12,1,1,8,0,1,14
#24 Rose Bubakar,18,1,7,0.14285714285714285,0,2,0,1,5,0.2,2,2,1,2,1,3,1,1,1,1,1,4
#25 Emma Calvert,26,5,10,0.5,0,3,0,5,7,0.7142857142857143,0,0,0,2,4,6,2,2,0,3,0,10
#30 Kate Vorwaller,16,3,5,0.6,0,0,0,3,5,0.6,1,2,0.5,0,0,0,0,2,0,0,0,7
