Name,MP,FG,FGA,FG.,X3P,X3PA,X3P.,X2P,X2PA,X2P.,FT,FTA,FT.,ORB,DRB,TRB,AST,STL,BLK,TOV,PF,PTS
#2 Shaylee Gonzales,62,15,35,0.42857142857142855,2,13,0.15384615384615385,13,22,0.5909090909090909,5,7,0.7142857142857143,4,8,12,7,4,2,2,5,37
#3 Nani Falatea,15,1,5,0.2,1,3,0.3333333333333333,0,2,0,0,0,0,1,5,6,1,0,0,1,4,3
#4 Arielle MackeyWilliams,8,1,6,0.16666666666666666,0,3,0,1,3,0.3333333333333333,0,0,0,1,0,1,0,1,0,1,3,2
#5 Maria Albiero,53,4,11,0.36363636363636365,0,2,0,4,9,0.4444444444444444,0,0,0,0,6,6,9,0,0,3,3,8
#10 Tegan Graham,58,8,15,0.5333333333333333,6,10,0.6,2,5,0.4,2,2,1,1,5,6,14,7,0,2,4,24
#11 Kaylee Smiler,35,4,8,0.5,4,7,0.5714285714285714,0,1,0,0,0,0,1,3,4,3,0,0,1,4,12
#12 Lauren Gustin,53,13,22,0.5909090909090909,0,0,0,13,22,0.5909090909090909,3,4,0.75,12,14,26,2,1,0,2,4,29
#13 Paisley Johnson,59,11,27,0.4074074074074074,7,17,0.4117647058823529,4,10,0.4,4,6,0.6666666666666666,2,5,7,7,2,0,2,4,33
#20 Devry Millett,3,0,0,0,0,0,0,0,0,0,0,0,0,0,1,1,0,0,0,0,1,0
#21 Heather Hamson,0,0,0,0,0,0,0,0,0,0,0,0,0,0,0,0,0,0,0,0,0,0
#22 Sara Hamson,26,5,8,0.625,0,0,0,5,8,0.625,0,0,0,2,7,9,0,1,7,3,3,10
#24 Rose Bubakar,8,0,2,0,0,1,0,0,1,0,0,0,0,0,1,1,0,0,0,0,0,0
#25 Emma Calvert,17,0,7,0,0,2,0,0,5,0,0,0,0,2,4,6,1,0,2,2,3,0
#30 Kate Vorwaller,4,1,3,0.3333333333333333,1,1,1,0,2,0,0,0,0,0,1,1,0,0,0,0,0,3
